file_name;key_repr
xortool_out/00.out;2ab6aaf28bbaaf28b8b9fc9b8aaf28b6aaf28bbb9fc9b8aaf28b6b9fc
xortool_out/01.out;2ab6aaf28bbaaf28b8b9fc9b8aaf28b6aaf28bbb9fc9b8aaf28bbb9fc
xortool_out/02.out;2ab6aaf28bbaaf28bbb9fc9b8aaf28b6aaf28bbb9fc9b8aaf28b6b9fc
xortool_out/03.out;2ab6aaf28bbaaf28bbb9fc9b8aaf28b6aaf28bbb9fc9b8aaf28bbb9fc
xortool_out/04.out;2ab6aaf28b6aaf28b8b9fc9b8aaf28b6aaf28bbb9fc9b8aaf28b6b9fc
xortool_out/05.out;2ab6aaf28b6aaf28b8b9fc9b8aaf28b6aaf28bbb9fc9b8aaf28bbb9fc
xortool_out/06.out;2ab6aaf28b6aaf28bbb9fc9b8aaf28b6aaf28bbb9fc9b8aaf28b6b9fc
xortool_out/07.out;2ab6aaf28b6aaf28bbb9fc9b8aaf28b6aaf28bbb9fc9b8aaf28bbb9fc
xortool_out/08.out;2ab8aaf28bbaaf28b8b9fc9b8aaf28b6aaf28bbb9fc9b8aaf28b6b9fc
xortool_out/09.out;2ab8aaf28bbaaf28b8b9fc9b8aaf28b6aaf28bbb9fc9b8aaf28bbb9fc
xortool_out/10.out;2ab8aaf28bbaaf28bbb9fc9b8aaf28b6aaf28bbb9fc9b8aaf28b6b9fc
xortool_out/11.out;2ab8aaf28bbaaf28bbb9fc9b8aaf28b6aaf28bbb9fc9b8aaf28bbb9fc
xortool_out/12.out;2ab8aaf28b6aaf28b8b9fc9b8aaf28b6aaf28bbb9fc9b8aaf28b6b9fc
xortool_out/13.out;2ab8aaf28b6aaf28b8b9fc9b8aaf28b6aaf28bbb9fc9b8aaf28bbb9fc
xortool_out/14.out;2ab8aaf28b6aaf28bbb9fc9b8aaf28b6aaf28bbb9fc9b8aaf28b6b9fc
xortool_out/15.out;2ab8aaf28b6aaf28bbb9fc9b8aaf28b6aaf28bbb9fc9b8aaf28bbb9fc
